{"cameraMode":{"drawMode":0,"name":"Shaded","section":"Shading Mode"},"sceneLighting":false,"audioPlay":false,"sceneViewState":{"m_AlwaysRefresh":false,"showFog":true,"showSkybox":false,"showFlares":true,"showImageEffects":true,"showParticleSystems":true,"showVisualEffectGraphs":true,"m_FxEnabled":true},"in2DMode":false,"pivot":{"x":4.182161331176758,"y":-0.017795801162719728,"z":2.9645442962646486},"rotation":{"x":0.04972049593925476,"y":0.532390296459198,"z":-0.03134780004620552,"w":0.8444900512695313},"size":11.36049747467041,"orthographic":false}