{"cameraMode":{"drawMode":0,"name":"Shaded","section":"Shading Mode"},"sceneLighting":false,"audioPlay":false,"sceneViewState":{"m_AlwaysRefresh":false,"showFog":true,"showSkybox":false,"showFlares":true,"showImageEffects":true,"showParticleSystems":true,"showVisualEffectGraphs":true,"m_FxEnabled":true},"in2DMode":false,"pivot":{"x":0.12059593200683594,"y":2.185458183288574,"z":0.20673322677612306},"rotation":{"x":0.14992570877075196,"y":0.32274219393730166,"z":-0.0518592931330204,"w":0.9331276416778565},"size":2.742201328277588,"orthographic":false}