{"cameraMode":{"drawMode":0,"name":"Shaded","section":"Shading Mode"},"sceneLighting":false,"audioPlay":false,"sceneViewState":{"m_AlwaysRefresh":false,"showFog":true,"showSkybox":false,"showFlares":true,"showImageEffects":true,"showParticleSystems":true,"showVisualEffectGraphs":true,"m_FxEnabled":true},"in2DMode":false,"pivot":{"x":0.10308367013931275,"y":1.2734366655349732,"z":0.11687314510345459},"rotation":{"x":0.03621245548129082,"y":0.28670698404312136,"z":-0.010846436023712159,"w":0.9573023915290833},"size":0.8809421062469482,"orthographic":false}